week,distributor_id,distributor_name,region,product_id,product_name,category,units_ordered,units_sold,units_wasted,waste_pct,revenue_usd
1/1/2024,D001,Green Valley Produce,Midwest,P001,Leafy Greens,Produce,314,206,16,5.1,1425.28
1/1/2024,D001,Green Valley Produce,Midwest,P002,Whole Milk,Dairy,758,510,37,4.9,1944.03
1/1/2024,D001,Green Valley Produce,Midwest,P003,Ground Beef,Meat,717,582,51,7.1,3904.03
1/1/2024,D001,Green Valley Produce,Midwest,P004,Tomatoes,Produce,629,446,58,9.2,1132.39
1/1/2024,D001,Green Valley Produce,Midwest,P005,Cheddar Cheese,Dairy,363,304,12,3.3,2505.96
1/1/2024,D001,Green Valley Produce,Midwest,P006,Chicken Breast,Meat,544,368,34,6.2,1679.45
1/1/2024,D002,Fresh Coast Foods,Southeast,P001,Leafy Greens,Produce,470,407,28,6,3393.85
1/1/2024,D002,Fresh Coast Foods,Southeast,P002,Whole Milk,Dairy,587,394,42,7.2,3078.21
1/1/2024,D002,Fresh Coast Foods,Southeast,P003,Ground Beef,Meat,570,459,25,4.4,1775.13
1/1/2024,D002,Fresh Coast Foods,Southeast,P004,Tomatoes,Produce,496,454,34,6.9,2170.46
1/1/2024,D002,Fresh Coast Foods,Southeast,P005,Cheddar Cheese,Dairy,664,545,31,4.7,2047.59
1/1/2024,D002,Fresh Coast Foods,Southeast,P006,Chicken Breast,Meat,473,397,18,3.8,2505.02
1/1/2024,D003,Heartland Meats,Plains,P001,Leafy Greens,Produce,746,631,29,3.9,5323.84
1/1/2024,D003,Heartland Meats,Plains,P002,Whole Milk,Dairy,770,546,59,7.7,1548.25
1/1/2024,D003,Heartland Meats,Plains,P003,Ground Beef,Meat,232,201,6,2.6,1603.74
1/1/2024,D003,Heartland Meats,Plains,P004,Tomatoes,Produce,780,691,41,5.3,3367.79
1/1/2024,D003,Heartland Meats,Plains,P005,Cheddar Cheese,Dairy,669,460,45,6.7,2637.58
1/1/2024,D003,Heartland Meats,Plains,P006,Chicken Breast,Meat,798,611,49,6.1,5183.7
1/1/2024,D004,Southwest Organics,Southwest,P001,Leafy Greens,Produce,341,268,8,2.3,846.32
1/1/2024,D004,Southwest Organics,Southwest,P002,Whole Milk,Dairy,363,313,10,2.8,1499.18
1/1/2024,D004,Southwest Organics,Southwest,P003,Ground Beef,Meat,679,538,66,9.7,1382.06
1/1/2024,D004,Southwest Organics,Southwest,P004,Tomatoes,Produce,317,264,14,4.4,1675.28
1/1/2024,D004,Southwest Organics,Southwest,P005,Cheddar Cheese,Dairy,314,228,9,2.9,1557.82
1/1/2024,D004,Southwest Organics,Southwest,P006,Chicken Breast,Meat,469,427,24,5.1,1340.12
1/1/2024,D005,Great Lakes Dairy,Midwest,P001,Leafy Greens,Produce,505,443,18,3.6,2101.36
1/1/2024,D005,Great Lakes Dairy,Midwest,P002,Whole Milk,Dairy,365,290,26,7.1,726
1/1/2024,D005,Great Lakes Dairy,Midwest,P003,Ground Beef,Meat,531,415,21,4,3490.95
1/1/2024,D005,Great Lakes Dairy,Midwest,P004,Tomatoes,Produce,514,367,31,6,1090.92
1/1/2024,D005,Great Lakes Dairy,Midwest,P005,Cheddar Cheese,Dairy,697,606,45,6.5,1972.27
1/1/2024,D005,Great Lakes Dairy,Midwest,P006,Chicken Breast,Meat,686,621,29,4.2,3812.67
1/8/2024,D001,Green Valley Produce,Midwest,P001,Leafy Greens,Produce,416,374,25,6,2534.86
1/8/2024,D001,Green Valley Produce,Midwest,P002,Whole Milk,Dairy,608,558,27,4.4,3127.84
1/8/2024,D001,Green Valley Produce,Midwest,P003,Ground Beef,Meat,323,231,8,2.5,1345.24
1/8/2024,D001,Green Valley Produce,Midwest,P004,Tomatoes,Produce,425,277,30,7.1,804.52
1/8/2024,D001,Green Valley Produce,Midwest,P005,Cheddar Cheese,Dairy,232,204,6,2.6,1328.83
1/8/2024,D001,Green Valley Produce,Midwest,P006,Chicken Breast,Meat,419,333,37,8.8,1983.77
1/8/2024,D002,Fresh Coast Foods,Southeast,P001,Leafy Greens,Produce,448,386,20,4.5,1189.49
1/8/2024,D002,Fresh Coast Foods,Southeast,P002,Whole Milk,Dairy,641,477,52,8.1,1347.54
1/8/2024,D002,Fresh Coast Foods,Southeast,P003,Ground Beef,Meat,300,199,32,10.7,627.97
1/8/2024,D002,Fresh Coast Foods,Southeast,P004,Tomatoes,Produce,396,277,26,6.6,1155.44
1/8/2024,D002,Fresh Coast Foods,Southeast,P005,Cheddar Cheese,Dairy,455,403,25,5.5,3077.23
1/8/2024,D002,Fresh Coast Foods,Southeast,P006,Chicken Breast,Meat,300,199,37,12.3,1654.48
1/8/2024,D003,Heartland Meats,Plains,P001,Leafy Greens,Produce,442,307,26,5.9,1506.22
1/8/2024,D003,Heartland Meats,Plains,P002,Whole Milk,Dairy,260,180,10,3.8,1450.64
1/8/2024,D003,Heartland Meats,Plains,P003,Ground Beef,Meat,665,483,61,9.2,3477.68
1/8/2024,D003,Heartland Meats,Plains,P004,Tomatoes,Produce,698,482,60,8.6,2879.99
1/8/2024,D003,Heartland Meats,Plains,P005,Cheddar Cheese,Dairy,755,503,33,4.4,2696.45
1/8/2024,D003,Heartland Meats,Plains,P006,Chicken Breast,Meat,743,514,59,7.9,1858.08
1/8/2024,D004,Southwest Organics,Southwest,P001,Leafy Greens,Produce,269,223,8,3,1748.7
1/8/2024,D004,Southwest Organics,Southwest,P002,Whole Milk,Dairy,452,364,10,2.2,2345.7
1/8/2024,D004,Southwest Organics,Southwest,P003,Ground Beef,Meat,778,615,49,6.3,4180.25
1/8/2024,D004,Southwest Organics,Southwest,P004,Tomatoes,Produce,444,320,26,5.9,1677.87
1/8/2024,D004,Southwest Organics,Southwest,P005,Cheddar Cheese,Dairy,274,178,25,9.1,551.78
1/8/2024,D004,Southwest Organics,Southwest,P006,Chicken Breast,Meat,750,530,61,8.1,4126.15
1/8/2024,D005,Great Lakes Dairy,Midwest,P001,Leafy Greens,Produce,450,337,30,6.7,2265.06
1/8/2024,D005,Great Lakes Dairy,Midwest,P002,Whole Milk,Dairy,741,483,66,8.9,3130
1/8/2024,D005,Great Lakes Dairy,Midwest,P003,Ground Beef,Meat,337,243,34,10.1,834.14
1/8/2024,D005,Great Lakes Dairy,Midwest,P004,Tomatoes,Produce,488,396,25,5.1,2496.95
1/8/2024,D005,Great Lakes Dairy,Midwest,P005,Cheddar Cheese,Dairy,470,369,34,7.2,1034.97
1/8/2024,D005,Great Lakes Dairy,Midwest,P006,Chicken Breast,Meat,633,553,20,3.2,1816.56
1/15/2024,D001,Green Valley Produce,Midwest,P001,Leafy Greens,Produce,468,324,38,8.1,1900.4
1/15/2024,D001,Green Valley Produce,Midwest,P002,Whole Milk,Dairy,314,210,38,12.1,1212.44
1/15/2024,D001,Green Valley Produce,Midwest,P003,Ground Beef,Meat,578,466,16,2.8,2026.89
1/15/2024,D001,Green Valley Produce,Midwest,P004,Tomatoes,Produce,240,214,7,2.9,666.99
1/15/2024,D001,Green Valley Produce,Midwest,P005,Cheddar Cheese,Dairy,773,686,41,5.3,2351.14
1/15/2024,D001,Green Valley Produce,Midwest,P006,Chicken Breast,Meat,442,390,33,7.5,3037.51
1/15/2024,D002,Fresh Coast Foods,Southeast,P001,Leafy Greens,Produce,225,157,25,11.1,780.33
1/15/2024,D002,Fresh Coast Foods,Southeast,P002,Whole Milk,Dairy,454,327,30,6.6,2528.69
1/15/2024,D002,Fresh Coast Foods,Southeast,P003,Ground Beef,Meat,681,483,59,8.7,2091.94
1/15/2024,D002,Fresh Coast Foods,Southeast,P004,Tomatoes,Produce,433,307,32,7.4,1280.69
1/15/2024,D002,Fresh Coast Foods,Southeast,P005,Cheddar Cheese,Dairy,271,246,13,4.8,1204.93
1/15/2024,D002,Fresh Coast Foods,Southeast,P006,Chicken Breast,Meat,749,553,49,6.5,2249.21
1/15/2024,D003,Heartland Meats,Plains,P001,Leafy Greens,Produce,794,722,18,2.3,3687.53
1/15/2024,D003,Heartland Meats,Plains,P002,Whole Milk,Dairy,521,400,34,6.5,3158.81
1/15/2024,D003,Heartland Meats,Plains,P003,Ground Beef,Meat,394,283,22,5.6,2279.13
1/15/2024,D003,Heartland Meats,Plains,P004,Tomatoes,Produce,751,627,61,8.1,2308.75
1/15/2024,D003,Heartland Meats,Plains,P005,Cheddar Cheese,Dairy,641,428,50,7.8,1876.14
1/15/2024,D003,Heartland Meats,Plains,P006,Chicken Breast,Meat,327,276,13,4,1366.3
1/15/2024,D004,Southwest Organics,Southwest,P001,Leafy Greens,Produce,612,513,25,4.1,3329.15
1/15/2024,D004,Southwest Organics,Southwest,P002,Whole Milk,Dairy,588,489,44,7.5,2105.49
1/15/2024,D004,Southwest Organics,Southwest,P003,Ground Beef,Meat,761,665,24,3.2,4797.68
1/15/2024,D004,Southwest Organics,Southwest,P004,Tomatoes,Produce,529,410,25,4.7,2189.04
1/15/2024,D004,Southwest Organics,Southwest,P005,Cheddar Cheese,Dairy,373,308,22,5.9,1914.39
1/15/2024,D004,Southwest Organics,Southwest,P006,Chicken Breast,Meat,295,256,19,6.4,985.05
1/15/2024,D005,Great Lakes Dairy,Midwest,P001,Leafy Greens,Produce,403,277,29,7.2,1708.44
1/15/2024,D005,Great Lakes Dairy,Midwest,P002,Whole Milk,Dairy,274,211,23,8.4,1436.93
1/15/2024,D005,Great Lakes Dairy,Midwest,P003,Ground Beef,Meat,593,464,36,6.1,1175.44
1/15/2024,D005,Great Lakes Dairy,Midwest,P004,Tomatoes,Produce,309,265,19,6.1,1769
1/15/2024,D005,Great Lakes Dairy,Midwest,P005,Cheddar Cheese,Dairy,675,447,54,8,2341.73
1/15/2024,D005,Great Lakes Dairy,Midwest,P006,Chicken Breast,Meat,675,560,51,7.6,4592.13
1/22/2024,D001,Green Valley Produce,Midwest,P001,Leafy Greens,Produce,653,532,43,6.6,3981.18
1/22/2024,D001,Green Valley Produce,Midwest,P002,Whole Milk,Dairy,761,586,52,6.8,3047.45
1/22/2024,D001,Green Valley Produce,Midwest,P003,Ground Beef,Meat,453,397,27,6,2146.81
1/22/2024,D001,Green Valley Produce,Midwest,P004,Tomatoes,Produce,444,321,17,3.8,1325.82
1/22/2024,D001,Green Valley Produce,Midwest,P005,Cheddar Cheese,Dairy,527,469,12,2.3,2250.36
1/22/2024,D001,Green Valley Produce,Midwest,P006,Chicken Breast,Meat,356,299,13,3.7,1720.94
1/22/2024,D002,Fresh Coast Foods,Southeast,P001,Leafy Greens,Produce,625,416,58,9.3,2961.41
1/22/2024,D002,Fresh Coast Foods,Southeast,P002,Whole Milk,Dairy,220,193,11,5,489.33
1/22/2024,D002,Fresh Coast Foods,Southeast,P003,Ground Beef,Meat,560,409,47,8.4,3073.38
1/22/2024,D002,Fresh Coast Foods,Southeast,P004,Tomatoes,Produce,751,639,45,6,2443.05
1/22/2024,D002,Fresh Coast Foods,Southeast,P005,Cheddar Cheese,Dairy,424,306,27,6.4,1993.05
1/22/2024,D002,Fresh Coast Foods,Southeast,P006,Chicken Breast,Meat,614,519,52,8.5,4351.47
1/22/2024,D003,Heartland Meats,Plains,P001,Leafy Greens,Produce,746,490,56,7.5,1304.68
1/22/2024,D003,Heartland Meats,Plains,P002,Whole Milk,Dairy,638,438,32,5,2091.28
1/22/2024,D003,Heartland Meats,Plains,P003,Ground Beef,Meat,416,321,32,7.7,1338.42
1/22/2024,D003,Heartland Meats,Plains,P004,Tomatoes,Produce,631,453,16,2.5,2598.64
1/22/2024,D003,Heartland Meats,Plains,P005,Cheddar Cheese,Dairy,558,396,40,7.2,1085.65
1/22/2024,D003,Heartland Meats,Plains,P006,Chicken Breast,Meat,231,209,4,1.7,713.59
1/22/2024,D004,Southwest Organics,Southwest,P001,Leafy Greens,Produce,329,255,23,7,1349
1/22/2024,D004,Southwest Organics,Southwest,P002,Whole Milk,Dairy,462,395,23,5,2760.08
1/22/2024,D004,Southwest Organics,Southwest,P003,Ground Beef,Meat,317,272,11,3.5,1624.41
1/22/2024,D004,Southwest Organics,Southwest,P004,Tomatoes,Produce,519,418,35,6.7,3406.21
1/22/2024,D004,Southwest Organics,Southwest,P005,Cheddar Cheese,Dairy,403,270,38,9.4,840.08
1/22/2024,D004,Southwest Organics,Southwest,P006,Chicken Breast,Meat,508,446,17,3.3,3747.77
1/22/2024,D005,Great Lakes Dairy,Midwest,P001,Leafy Greens,Produce,242,179,14,5.8,990.9
1/22/2024,D005,Great Lakes Dairy,Midwest,P002,Whole Milk,Dairy,549,358,41,7.5,1826.21
1/22/2024,D005,Great Lakes Dairy,Midwest,P003,Ground Beef,Meat,570,468,45,7.9,2392.85
1/22/2024,D005,Great Lakes Dairy,Midwest,P004,Tomatoes,Produce,734,668,42,5.7,3827
1/22/2024,D005,Great Lakes Dairy,Midwest,P005,Cheddar Cheese,Dairy,695,538,57,8.2,2385.4
1/22/2024,D005,Great Lakes Dairy,Midwest,P006,Chicken Breast,Meat,451,394,27,6,1561.49
1/29/2024,D001,Green Valley Produce,Midwest,P001,Leafy Greens,Produce,675,542,39,5.8,2962.48
1/29/2024,D001,Green Valley Produce,Midwest,P002,Whole Milk,Dairy,532,371,39,7.3,1685.09
1/29/2024,D001,Green Valley Produce,Midwest,P003,Ground Beef,Meat,482,385,22,4.6,1520.03
1/29/2024,D001,Green Valley Produce,Midwest,P004,Tomatoes,Produce,616,481,51,8.3,3066.58
1/29/2024,D001,Green Valley Produce,Midwest,P005,Cheddar Cheese,Dairy,702,541,24,3.4,2665.19
1/29/2024,D001,Green Valley Produce,Midwest,P006,Chicken Breast,Meat,449,328,32,7.1,1864.85
1/29/2024,D002,Fresh Coast Foods,Southeast,P001,Leafy Greens,Produce,635,583,24,3.8,3044.7
1/29/2024,D002,Fresh Coast Foods,Southeast,P002,Whole Milk,Dairy,513,368,19,3.7,1183.98
1/29/2024,D002,Fresh Coast Foods,Southeast,P003,Ground Beef,Meat,748,678,26,3.5,4699.64
1/29/2024,D002,Fresh Coast Foods,Southeast,P004,Tomatoes,Produce,483,408,33,6.8,1712.78
1/29/2024,D002,Fresh Coast Foods,Southeast,P005,Cheddar Cheese,Dairy,302,264,12,4,1138.79
1/29/2024,D002,Fresh Coast Foods,Southeast,P006,Chicken Breast,Meat,746,510,20,2.7,2168.94
1/29/2024,D003,Heartland Meats,Plains,P001,Leafy Greens,Produce,329,270,15,4.6,694.87
1/29/2024,D003,Heartland Meats,Plains,P002,Whole Milk,Dairy,491,381,22,4.5,1069.95
1/29/2024,D003,Heartland Meats,Plains,P003,Ground Beef,Meat,689,469,35,5.1,2796.24
1/29/2024,D003,Heartland Meats,Plains,P004,Tomatoes,Produce,254,175,29,11.4,526.94
1/29/2024,D003,Heartland Meats,Plains,P005,Cheddar Cheese,Dairy,454,309,44,9.7,2238.53
1/29/2024,D003,Heartland Meats,Plains,P006,Chicken Breast,Meat,431,370,30,7,1585.12
1/29/2024,D004,Southwest Organics,Southwest,P001,Leafy Greens,Produce,639,468,51,8,3248.17
1/29/2024,D004,Southwest Organics,Southwest,P002,Whole Milk,Dairy,412,337,12,2.9,1327.51
1/29/2024,D004,Southwest Organics,Southwest,P003,Ground Beef,Meat,765,512,35,4.6,3104.19
1/29/2024,D004,Southwest Organics,Southwest,P004,Tomatoes,Produce,498,328,27,5.4,2511.71
1/29/2024,D004,Southwest Organics,Southwest,P005,Cheddar Cheese,Dairy,272,227,22,8.1,1418.83
1/29/2024,D004,Southwest Organics,Southwest,P006,Chicken Breast,Meat,402,307,30,7.5,2440.79
1/29/2024,D005,Great Lakes Dairy,Midwest,P001,Leafy Greens,Produce,345,230,16,4.6,1608.56
1/29/2024,D005,Great Lakes Dairy,Midwest,P002,Whole Milk,Dairy,782,702,35,4.5,3035.83
1/29/2024,D005,Great Lakes Dairy,Midwest,P003,Ground Beef,Meat,612,553,28,4.6,1649.41
1/29/2024,D005,Great Lakes Dairy,Midwest,P004,Tomatoes,Produce,240,213,14,5.8,565.56
1/29/2024,D005,Great Lakes Dairy,Midwest,P005,Cheddar Cheese,Dairy,434,394,24,5.5,3232.66
1/29/2024,D005,Great Lakes Dairy,Midwest,P006,Chicken Breast,Meat,475,382,25,5.3,2144.47
2/5/2024,D001,Green Valley Produce,Midwest,P001,Leafy Greens,Produce,652,585,30,4.6,3690.59
2/5/2024,D001,Green Valley Produce,Midwest,P002,Whole Milk,Dairy,703,640,29,4.1,2832.86
2/5/2024,D001,Green Valley Produce,Midwest,P003,Ground Beef,Meat,307,270,17,5.5,1141.91
2/5/2024,D001,Green Valley Produce,Midwest,P004,Tomatoes,Produce,610,530,31,5.1,2325.16
2/5/2024,D001,Green Valley Produce,Midwest,P005,Cheddar Cheese,Dairy,531,361,58,10.9,2689.29
2/5/2024,D001,Green Valley Produce,Midwest,P006,Chicken Breast,Meat,201,166,10,5,601.83
2/5/2024,D002,Fresh Coast Foods,Southeast,P001,Leafy Greens,Produce,570,466,31,5.4,1309.31
2/5/2024,D002,Fresh Coast Foods,Southeast,P002,Whole Milk,Dairy,473,377,34,7.2,2521.94
2/5/2024,D002,Fresh Coast Foods,Southeast,P003,Ground Beef,Meat,324,213,33,10.2,1439.6
2/5/2024,D002,Fresh Coast Foods,Southeast,P004,Tomatoes,Produce,518,413,22,4.2,3491.31
2/5/2024,D002,Fresh Coast Foods,Southeast,P005,Cheddar Cheese,Dairy,316,244,20,6.3,1339.62
2/5/2024,D002,Fresh Coast Foods,Southeast,P006,Chicken Breast,Meat,498,392,35,7,3285.54
2/5/2024,D003,Heartland Meats,Plains,P001,Leafy Greens,Produce,449,347,15,3.3,2115.4
2/5/2024,D003,Heartland Meats,Plains,P002,Whole Milk,Dairy,339,299,20,5.9,1491.91
2/5/2024,D003,Heartland Meats,Plains,P003,Ground Beef,Meat,719,519,41,5.7,3905.4
2/5/2024,D003,Heartland Meats,Plains,P004,Tomatoes,Produce,793,729,22,2.8,4178.25
2/5/2024,D003,Heartland Meats,Plains,P005,Cheddar Cheese,Dairy,553,409,41,7.4,3311.72
2/5/2024,D003,Heartland Meats,Plains,P006,Chicken Breast,Meat,393,359,14,3.6,2741.35
2/5/2024,D004,Southwest Organics,Southwest,P001,Leafy Greens,Produce,620,410,64,10.3,3021.07
2/5/2024,D004,Southwest Organics,Southwest,P002,Whole Milk,Dairy,595,545,34,5.7,1859.88
2/5/2024,D004,Southwest Organics,Southwest,P003,Ground Beef,Meat,237,162,22,9.3,502.55
2/5/2024,D004,Southwest Organics,Southwest,P004,Tomatoes,Produce,650,439,50,7.7,1477.21
2/5/2024,D004,Southwest Organics,Southwest,P005,Cheddar Cheese,Dairy,358,239,29,8.1,1491.25
2/5/2024,D004,Southwest Organics,Southwest,P006,Chicken Breast,Meat,607,501,52,8.6,3835.68
2/5/2024,D005,Great Lakes Dairy,Midwest,P001,Leafy Greens,Produce,589,534,40,6.8,2898.38
2/5/2024,D005,Great Lakes Dairy,Midwest,P002,Whole Milk,Dairy,754,497,44,5.8,3988.71
2/5/2024,D005,Great Lakes Dairy,Midwest,P003,Ground Beef,Meat,432,367,14,3.2,2313.01
2/5/2024,D005,Great Lakes Dairy,Midwest,P004,Tomatoes,Produce,302,232,28,9.3,644.02
2/5/2024,D005,Great Lakes Dairy,Midwest,P005,Cheddar Cheese,Dairy,257,187,11,4.3,1063.47
2/5/2024,D005,Great Lakes Dairy,Midwest,P006,Chicken Breast,Meat,779,649,24,3.1,3995.86
2/12/2024,D001,Green Valley Produce,Midwest,P001,Leafy Greens,Produce,591,483,41,6.9,1622.26
2/12/2024,D001,Green Valley Produce,Midwest,P002,Whole Milk,Dairy,672,552,43,6.4,4357.19
2/12/2024,D001,Green Valley Produce,Midwest,P003,Ground Beef,Meat,676,603,23,3.4,3105.68
2/12/2024,D001,Green Valley Produce,Midwest,P004,Tomatoes,Produce,553,506,36,6.5,3360.79
2/12/2024,D001,Green Valley Produce,Midwest,P005,Cheddar Cheese,Dairy,667,585,25,3.7,3158.56
2/12/2024,D001,Green Valley Produce,Midwest,P006,Chicken Breast,Meat,442,332,22,5,2222.96
2/12/2024,D002,Fresh Coast Foods,Southeast,P001,Leafy Greens,Produce,222,202,8,3.6,1190.91
2/12/2024,D002,Fresh Coast Foods,Southeast,P002,Whole Milk,Dairy,250,223,17,6.8,1765.63
2/12/2024,D002,Fresh Coast Foods,Southeast,P003,Ground Beef,Meat,435,354,26,6,2203.77
2/12/2024,D002,Fresh Coast Foods,Southeast,P004,Tomatoes,Produce,340,278,26,7.6,1210.3
2/12/2024,D002,Fresh Coast Foods,Southeast,P005,Cheddar Cheese,Dairy,651,429,34,5.2,3413.88
2/12/2024,D002,Fresh Coast Foods,Southeast,P006,Chicken Breast,Meat,534,454,14,2.6,2604.35
2/12/2024,D003,Heartland Meats,Plains,P001,Leafy Greens,Produce,574,455,53,9.2,1839.03
2/12/2024,D003,Heartland Meats,Plains,P002,Whole Milk,Dairy,693,631,42,6.1,4622.32
2/12/2024,D003,Heartland Meats,Plains,P003,Ground Beef,Meat,679,617,43,6.3,4726.74
2/12/2024,D003,Heartland Meats,Plains,P004,Tomatoes,Produce,606,552,27,4.5,3998.74
2/12/2024,D003,Heartland Meats,Plains,P005,Cheddar Cheese,Dairy,214,154,9,4.2,1077.09
2/12/2024,D003,Heartland Meats,Plains,P006,Chicken Breast,Meat,468,378,43,9.2,1190.73
2/12/2024,D004,Southwest Organics,Southwest,P001,Leafy Greens,Produce,439,341,39,8.9,1523.6
2/12/2024,D004,Southwest Organics,Southwest,P002,Whole Milk,Dairy,426,351,25,5.9,2353.97
2/12/2024,D004,Southwest Organics,Southwest,P003,Ground Beef,Meat,618,421,16,2.6,3568.21
2/12/2024,D004,Southwest Organics,Southwest,P004,Tomatoes,Produce,318,215,25,7.9,1122.7
2/12/2024,D004,Southwest Organics,Southwest,P005,Cheddar Cheese,Dairy,753,574,44,5.8,2863.86
2/12/2024,D004,Southwest Organics,Southwest,P006,Chicken Breast,Meat,301,263,22,7.3,1098.93
2/12/2024,D005,Great Lakes Dairy,Midwest,P001,Leafy Greens,Produce,579,410,32,5.5,1917.21
2/12/2024,D005,Great Lakes Dairy,Midwest,P002,Whole Milk,Dairy,576,459,41,7.1,2243.98
2/12/2024,D005,Great Lakes Dairy,Midwest,P003,Ground Beef,Meat,394,359,27,6.9,1094.96
2/12/2024,D005,Great Lakes Dairy,Midwest,P004,Tomatoes,Produce,417,343,15,3.6,2476.72
2/12/2024,D005,Great Lakes Dairy,Midwest,P005,Cheddar Cheese,Dairy,449,411,15,3.3,3073.83
2/12/2024,D005,Great Lakes Dairy,Midwest,P006,Chicken Breast,Meat,767,541,58,7.6,2419
2/19/2024,D001,Green Valley Produce,Midwest,P001,Leafy Greens,Produce,351,302,15,4.3,2538.06
2/19/2024,D001,Green Valley Produce,Midwest,P002,Whole Milk,Dairy,333,265,17,5.1,2040.15
2/19/2024,D001,Green Valley Produce,Midwest,P003,Ground Beef,Meat,334,218,28,8.4,968.49
2/19/2024,D001,Green Valley Produce,Midwest,P004,Tomatoes,Produce,378,272,18,4.8,865.48
2/19/2024,D001,Green Valley Produce,Midwest,P005,Cheddar Cheese,Dairy,265,206,20,7.5,649.79
2/19/2024,D001,Green Valley Produce,Midwest,P006,Chicken Breast,Meat,715,507,64,9,4031.92
2/19/2024,D002,Fresh Coast Foods,Southeast,P001,Leafy Greens,Produce,733,536,39,5.3,4551.46
2/19/2024,D002,Fresh Coast Foods,Southeast,P002,Whole Milk,Dairy,611,467,36,5.9,2410.36
2/19/2024,D002,Fresh Coast Foods,Southeast,P003,Ground Beef,Meat,282,207,9,3.2,1292.9
2/19/2024,D002,Fresh Coast Foods,Southeast,P004,Tomatoes,Produce,799,637,63,7.9,3620.29
2/19/2024,D002,Fresh Coast Foods,Southeast,P005,Cheddar Cheese,Dairy,664,522,49,7.4,1663.34
2/19/2024,D002,Fresh Coast Foods,Southeast,P006,Chicken Breast,Meat,764,645,34,4.5,2496.77
2/19/2024,D003,Heartland Meats,Plains,P001,Leafy Greens,Produce,547,477,33,6,2087.01
2/19/2024,D003,Heartland Meats,Plains,P002,Whole Milk,Dairy,520,431,18,3.5,3464.34
2/19/2024,D003,Heartland Meats,Plains,P003,Ground Beef,Meat,268,180,13,4.9,1254.16
2/19/2024,D003,Heartland Meats,Plains,P004,Tomatoes,Produce,581,504,33,5.7,2958.24
2/19/2024,D003,Heartland Meats,Plains,P005,Cheddar Cheese,Dairy,537,446,39,7.3,3633.46
2/19/2024,D003,Heartland Meats,Plains,P006,Chicken Breast,Meat,633,559,49,7.7,3411.28
2/19/2024,D004,Southwest Organics,Southwest,P001,Leafy Greens,Produce,560,379,33,5.9,2044
2/19/2024,D004,Southwest Organics,Southwest,P002,Whole Milk,Dairy,310,230,16,5.2,959.42
2/19/2024,D004,Southwest Organics,Southwest,P003,Ground Beef,Meat,431,374,36,8.4,2771.55
2/19/2024,D004,Southwest Organics,Southwest,P004,Tomatoes,Produce,770,505,94,12.2,2072.87
2/19/2024,D004,Southwest Organics,Southwest,P005,Cheddar Cheese,Dairy,384,277,40,10.4,1275.9
2/19/2024,D004,Southwest Organics,Southwest,P006,Chicken Breast,Meat,385,340,17,4.4,1139.42
2/19/2024,D005,Great Lakes Dairy,Midwest,P001,Leafy Greens,Produce,231,155,16,6.9,809.39
2/19/2024,D005,Great Lakes Dairy,Midwest,P002,Whole Milk,Dairy,361,270,33,9.1,1594.5
2/19/2024,D005,Great Lakes Dairy,Midwest,P003,Ground Beef,Meat,286,254,15,5.2,710.84
2/19/2024,D005,Great Lakes Dairy,Midwest,P004,Tomatoes,Produce,283,204,22,7.8,1051.06
2/19/2024,D005,Great Lakes Dairy,Midwest,P005,Cheddar Cheese,Dairy,479,339,31,6.5,1073.05
2/19/2024,D005,Great Lakes Dairy,Midwest,P006,Chicken Breast,Meat,698,553,28,4,4648.89
2/26/2024,D001,Green Valley Produce,Midwest,P001,Leafy Greens,Produce,256,166,13,5.1,551.69
2/26/2024,D001,Green Valley Produce,Midwest,P002,Whole Milk,Dairy,461,335,23,5,1703.12
2/26/2024,D001,Green Valley Produce,Midwest,P003,Ground Beef,Meat,332,249,25,7.5,1867.53
2/26/2024,D001,Green Valley Produce,Midwest,P004,Tomatoes,Produce,562,376,43,7.7,982.28
2/26/2024,D001,Green Valley Produce,Midwest,P005,Cheddar Cheese,Dairy,279,246,15,5.4,1662.22
2/26/2024,D001,Green Valley Produce,Midwest,P006,Chicken Breast,Meat,627,456,55,8.8,1610.25
2/26/2024,D002,Fresh Coast Foods,Southeast,P001,Leafy Greens,Produce,671,586,27,4,4434.21
2/26/2024,D002,Fresh Coast Foods,Southeast,P002,Whole Milk,Dairy,449,344,18,4,2656.76
2/26/2024,D002,Fresh Coast Foods,Southeast,P003,Ground Beef,Meat,547,388,36,6.6,2444.15
2/26/2024,D002,Fresh Coast Foods,Southeast,P004,Tomatoes,Produce,743,585,52,7,4015.6
2/26/2024,D002,Fresh Coast Foods,Southeast,P005,Cheddar Cheese,Dairy,351,250,13,3.7,1528.6
2/26/2024,D002,Fresh Coast Foods,Southeast,P006,Chicken Breast,Meat,277,193,24,8.7,1356.15
2/26/2024,D003,Heartland Meats,Plains,P001,Leafy Greens,Produce,793,611,67,8.4,3856.5
2/26/2024,D003,Heartland Meats,Plains,P002,Whole Milk,Dairy,530,468,18,3.4,1361.75
2/26/2024,D003,Heartland Meats,Plains,P003,Ground Beef,Meat,652,534,47,7.2,2462.62
2/26/2024,D003,Heartland Meats,Plains,P004,Tomatoes,Produce,275,201,12,4.4,1505.53
2/26/2024,D003,Heartland Meats,Plains,P005,Cheddar Cheese,Dairy,278,229,14,5,1388.77
2/26/2024,D003,Heartland Meats,Plains,P006,Chicken Breast,Meat,593,459,48,8.1,3614.74
2/26/2024,D004,Southwest Organics,Southwest,P001,Leafy Greens,Produce,660,590,22,3.3,3616.72
2/26/2024,D004,Southwest Organics,Southwest,P002,Whole Milk,Dairy,713,492,22,3.1,3884.22
2/26/2024,D004,Southwest Organics,Southwest,P003,Ground Beef,Meat,551,504,25,4.5,1378.37
2/26/2024,D004,Southwest Organics,Southwest,P004,Tomatoes,Produce,648,594,33,5.1,2781.93
2/26/2024,D004,Southwest Organics,Southwest,P005,Cheddar Cheese,Dairy,489,369,43,8.8,1038.44
2/26/2024,D004,Southwest Organics,Southwest,P006,Chicken Breast,Meat,542,361,34,6.3,1517.96
2/26/2024,D005,Great Lakes Dairy,Midwest,P001,Leafy Greens,Produce,353,261,19,5.4,1200.32
2/26/2024,D005,Great Lakes Dairy,Midwest,P002,Whole Milk,Dairy,601,411,40,6.7,2405.8
2/26/2024,D005,Great Lakes Dairy,Midwest,P003,Ground Beef,Meat,536,466,38,7.1,3230.61
2/26/2024,D005,Great Lakes Dairy,Midwest,P004,Tomatoes,Produce,739,498,64,8.7,1299.47
2/26/2024,D005,Great Lakes Dairy,Midwest,P005,Cheddar Cheese,Dairy,516,360,41,7.9,1950.35
2/26/2024,D005,Great Lakes Dairy,Midwest,P006,Chicken Breast,Meat,431,396,13,3,2862.57
3/4/2024,D001,Green Valley Produce,Midwest,P001,Leafy Greens,Produce,719,616,58,8.1,1679.51
3/4/2024,D001,Green Valley Produce,Midwest,P002,Whole Milk,Dairy,544,482,31,5.7,1651.1
3/4/2024,D001,Green Valley Produce,Midwest,P003,Ground Beef,Meat,385,336,28,7.3,1173.73
3/4/2024,D001,Green Valley Produce,Midwest,P004,Tomatoes,Produce,648,428,53,8.2,3559.9
3/4/2024,D001,Green Valley Produce,Midwest,P005,Cheddar Cheese,Dairy,491,418,23,4.7,1644.83
3/4/2024,D001,Green Valley Produce,Midwest,P006,Chicken Breast,Meat,680,607,35,5.1,3594.97
3/4/2024,D002,Fresh Coast Foods,Southeast,P001,Leafy Greens,Produce,651,504,32,4.9,2855.04
3/4/2024,D002,Fresh Coast Foods,Southeast,P002,Whole Milk,Dairy,365,317,15,4.1,1268.01
3/4/2024,D002,Fresh Coast Foods,Southeast,P003,Ground Beef,Meat,692,613,21,3,4643.69
3/4/2024,D002,Fresh Coast Foods,Southeast,P004,Tomatoes,Produce,327,237,23,7,1879.85
3/4/2024,D002,Fresh Coast Foods,Southeast,P005,Cheddar Cheese,Dairy,350,306,21,6,2264.47
3/4/2024,D002,Fresh Coast Foods,Southeast,P006,Chicken Breast,Meat,557,501,23,4.1,2376.63
3/4/2024,D003,Heartland Meats,Plains,P001,Leafy Greens,Produce,595,546,12,2,4414.39
3/4/2024,D003,Heartland Meats,Plains,P002,Whole Milk,Dairy,543,468,18,3.3,3499.97
3/4/2024,D003,Heartland Meats,Plains,P003,Ground Beef,Meat,342,292,20,5.8,2317.06
3/4/2024,D003,Heartland Meats,Plains,P004,Tomatoes,Produce,219,157,19,8.7,1077.56
3/4/2024,D003,Heartland Meats,Plains,P005,Cheddar Cheese,Dairy,740,565,47,6.4,1825.57
3/4/2024,D003,Heartland Meats,Plains,P006,Chicken Breast,Meat,444,338,33,7.4,1069.82
3/4/2024,D004,Southwest Organics,Southwest,P001,Leafy Greens,Produce,711,576,31,4.4,2276.14
3/4/2024,D004,Southwest Organics,Southwest,P002,Whole Milk,Dairy,347,252,13,3.7,1492.84
3/4/2024,D004,Southwest Organics,Southwest,P003,Ground Beef,Meat,391,324,26,6.6,941.57
3/4/2024,D004,Southwest Organics,Southwest,P004,Tomatoes,Produce,738,588,53,7.2,1541.74
3/4/2024,D004,Southwest Organics,Southwest,P005,Cheddar Cheese,Dairy,681,450,44,6.5,3142.75
3/4/2024,D004,Southwest Organics,Southwest,P006,Chicken Breast,Meat,565,487,34,6,3053.27
3/4/2024,D005,Great Lakes Dairy,Midwest,P001,Leafy Greens,Produce,795,674,21,2.6,3893.08
3/4/2024,D005,Great Lakes Dairy,Midwest,P002,Whole Milk,Dairy,379,331,30,7.9,1777.86
3/4/2024,D005,Great Lakes Dairy,Midwest,P003,Ground Beef,Meat,386,335,21,5.4,1757.44
3/4/2024,D005,Great Lakes Dairy,Midwest,P004,Tomatoes,Produce,500,352,54,10.8,1546.54
3/4/2024,D005,Great Lakes Dairy,Midwest,P005,Cheddar Cheese,Dairy,517,407,43,8.3,1636.09
3/4/2024,D005,Great Lakes Dairy,Midwest,P006,Chicken Breast,Meat,395,287,25,6.3,1846.67
3/11/2024,D001,Green Valley Produce,Midwest,P001,Leafy Greens,Produce,479,327,42,8.8,2275.87
3/11/2024,D001,Green Valley Produce,Midwest,P002,Whole Milk,Dairy,595,441,37,6.2,2074.5
3/11/2024,D001,Green Valley Produce,Midwest,P003,Ground Beef,Meat,731,527,34,4.7,2679.08
3/11/2024,D001,Green Valley Produce,Midwest,P004,Tomatoes,Produce,384,306,13,3.4,1978.45
3/11/2024,D001,Green Valley Produce,Midwest,P005,Cheddar Cheese,Dairy,513,395,29,5.7,2039.56
3/11/2024,D001,Green Valley Produce,Midwest,P006,Chicken Breast,Meat,657,434,61,9.3,3684.18
3/11/2024,D002,Fresh Coast Foods,Southeast,P001,Leafy Greens,Produce,481,395,21,4.4,2578.21
3/11/2024,D002,Fresh Coast Foods,Southeast,P002,Whole Milk,Dairy,615,460,55,8.9,3779.7
3/11/2024,D002,Fresh Coast Foods,Southeast,P003,Ground Beef,Meat,346,304,17,4.9,990.24
3/11/2024,D002,Fresh Coast Foods,Southeast,P004,Tomatoes,Produce,441,379,19,4.3,2237.41
3/11/2024,D002,Fresh Coast Foods,Southeast,P005,Cheddar Cheese,Dairy,357,297,22,6.2,2102.32
3/11/2024,D002,Fresh Coast Foods,Southeast,P006,Chicken Breast,Meat,787,540,46,5.8,2252.95
3/11/2024,D003,Heartland Meats,Plains,P001,Leafy Greens,Produce,316,207,19,6,1652.12
3/11/2024,D003,Heartland Meats,Plains,P002,Whole Milk,Dairy,320,230,18,5.6,1949.98
3/11/2024,D003,Heartland Meats,Plains,P003,Ground Beef,Meat,492,411,27,5.5,1362.21
3/11/2024,D003,Heartland Meats,Plains,P004,Tomatoes,Produce,275,212,21,7.6,641.67
3/11/2024,D003,Heartland Meats,Plains,P005,Cheddar Cheese,Dairy,527,437,34,6.5,1853.83
3/11/2024,D003,Heartland Meats,Plains,P006,Chicken Breast,Meat,507,446,38,7.5,2821.49
3/11/2024,D004,Southwest Organics,Southwest,P001,Leafy Greens,Produce,570,448,18,3.2,1493.3
3/11/2024,D004,Southwest Organics,Southwest,P002,Whole Milk,Dairy,705,463,53,7.5,3390.07
3/11/2024,D004,Southwest Organics,Southwest,P003,Ground Beef,Meat,764,523,58,7.6,2556.93
3/11/2024,D004,Southwest Organics,Southwest,P004,Tomatoes,Produce,690,546,61,8.8,1606.61
3/11/2024,D004,Southwest Organics,Southwest,P005,Cheddar Cheese,Dairy,524,431,34,6.5,1968.42
3/11/2024,D004,Southwest Organics,Southwest,P006,Chicken Breast,Meat,764,628,54,7.1,3200.11
3/11/2024,D005,Great Lakes Dairy,Midwest,P001,Leafy Greens,Produce,256,223,10,3.9,774.21
3/11/2024,D005,Great Lakes Dairy,Midwest,P002,Whole Milk,Dairy,430,319,46,10.7,2416.62
3/11/2024,D005,Great Lakes Dairy,Midwest,P003,Ground Beef,Meat,456,320,39,8.6,2000.04
3/11/2024,D005,Great Lakes Dairy,Midwest,P004,Tomatoes,Produce,746,503,67,9,3009.89
3/11/2024,D005,Great Lakes Dairy,Midwest,P005,Cheddar Cheese,Dairy,375,310,26,6.9,2342.11
3/11/2024,D005,Great Lakes Dairy,Midwest,P006,Chicken Breast,Meat,777,513,62,8,4202.13
3/18/2024,D001,Green Valley Produce,Midwest,P001,Leafy Greens,Produce,790,569,47,5.9,3532.72
3/18/2024,D001,Green Valley Produce,Midwest,P002,Whole Milk,Dairy,231,181,13,5.6,1491.42
3/18/2024,D001,Green Valley Produce,Midwest,P003,Ground Beef,Meat,694,496,57,8.2,2589.75
3/18/2024,D001,Green Valley Produce,Midwest,P004,Tomatoes,Produce,261,180,17,6.5,817.41
3/18/2024,D001,Green Valley Produce,Midwest,P005,Cheddar Cheese,Dairy,347,254,31,8.9,1946.82
3/18/2024,D001,Green Valley Produce,Midwest,P006,Chicken Breast,Meat,608,416,43,7.1,1836.51
3/18/2024,D002,Fresh Coast Foods,Southeast,P001,Leafy Greens,Produce,677,462,37,5.5,1295.28
3/18/2024,D002,Fresh Coast Foods,Southeast,P002,Whole Milk,Dairy,593,523,42,7.1,4138.95
3/18/2024,D002,Fresh Coast Foods,Southeast,P003,Ground Beef,Meat,535,482,19,3.6,1665.82
3/18/2024,D002,Fresh Coast Foods,Southeast,P004,Tomatoes,Produce,727,564,57,7.8,1714.73
3/18/2024,D002,Fresh Coast Foods,Southeast,P005,Cheddar Cheese,Dairy,602,473,40,6.6,2184.02
3/18/2024,D002,Fresh Coast Foods,Southeast,P006,Chicken Breast,Meat,251,182,23,9.2,1189.39
3/18/2024,D003,Heartland Meats,Plains,P001,Leafy Greens,Produce,492,391,34,6.9,3047.74
3/18/2024,D003,Heartland Meats,Plains,P002,Whole Milk,Dairy,574,491,26,4.5,2907.55
3/18/2024,D003,Heartland Meats,Plains,P003,Ground Beef,Meat,399,298,20,5,1550.23
3/18/2024,D003,Heartland Meats,Plains,P004,Tomatoes,Produce,763,553,79,10.4,1776.71
3/18/2024,D003,Heartland Meats,Plains,P005,Cheddar Cheese,Dairy,299,226,21,7,1838.21
3/18/2024,D003,Heartland Meats,Plains,P006,Chicken Breast,Meat,347,244,25,7.2,676.32
3/18/2024,D004,Southwest Organics,Southwest,P001,Leafy Greens,Produce,340,286,22,6.5,970.58
3/18/2024,D004,Southwest Organics,Southwest,P002,Whole Milk,Dairy,727,499,66,9.1,2424.01
3/18/2024,D004,Southwest Organics,Southwest,P003,Ground Beef,Meat,506,410,30,5.9,2230.02
3/18/2024,D004,Southwest Organics,Southwest,P004,Tomatoes,Produce,776,567,61,7.9,3709.79
3/18/2024,D004,Southwest Organics,Southwest,P005,Cheddar Cheese,Dairy,626,505,51,8.1,3347.27
3/18/2024,D004,Southwest Organics,Southwest,P006,Chicken Breast,Meat,227,184,13,5.7,1533.15
3/18/2024,D005,Great Lakes Dairy,Midwest,P001,Leafy Greens,Produce,792,638,57,7.2,2247.72
3/18/2024,D005,Great Lakes Dairy,Midwest,P002,Whole Milk,Dairy,589,406,36,6.1,3324.83
3/18/2024,D005,Great Lakes Dairy,Midwest,P003,Ground Beef,Meat,312,218,20,6.4,1085.15
3/18/2024,D005,Great Lakes Dairy,Midwest,P004,Tomatoes,Produce,408,310,40,9.8,2398.44
3/18/2024,D005,Great Lakes Dairy,Midwest,P005,Cheddar Cheese,Dairy,263,221,15,5.7,1876.01
3/18/2024,D005,Great Lakes Dairy,Midwest,P006,Chicken Breast,Meat,689,545,26,3.8,4345.15
3/25/2024,D001,Green Valley Produce,Midwest,P001,Leafy Greens,Produce,550,438,47,8.5,2884
3/25/2024,D001,Green Valley Produce,Midwest,P002,Whole Milk,Dairy,470,382,17,3.6,2234.13
3/25/2024,D001,Green Valley Produce,Midwest,P003,Ground Beef,Meat,430,388,29,6.7,2611.01
3/25/2024,D001,Green Valley Produce,Midwest,P004,Tomatoes,Produce,700,514,58,8.3,3738.03
3/25/2024,D001,Green Valley Produce,Midwest,P005,Cheddar Cheese,Dairy,480,349,36,7.5,2748.22
3/25/2024,D001,Green Valley Produce,Midwest,P006,Chicken Breast,Meat,604,526,46,7.6,2231.67
3/25/2024,D002,Fresh Coast Foods,Southeast,P001,Leafy Greens,Produce,494,448,30,6.1,2883.25
3/25/2024,D002,Fresh Coast Foods,Southeast,P002,Whole Milk,Dairy,690,488,54,7.8,2865.59
3/25/2024,D002,Fresh Coast Foods,Southeast,P003,Ground Beef,Meat,478,328,41,8.6,1297.16
3/25/2024,D002,Fresh Coast Foods,Southeast,P004,Tomatoes,Produce,743,528,28,3.8,2366.37
3/25/2024,D002,Fresh Coast Foods,Southeast,P005,Cheddar Cheese,Dairy,683,462,46,6.7,2680.58
3/25/2024,D002,Fresh Coast Foods,Southeast,P006,Chicken Breast,Meat,361,274,37,10.2,1469.93
3/25/2024,D003,Heartland Meats,Plains,P001,Leafy Greens,Produce,404,345,15,3.7,984.97
3/25/2024,D003,Heartland Meats,Plains,P002,Whole Milk,Dairy,291,240,17,5.8,1824.48
3/25/2024,D003,Heartland Meats,Plains,P003,Ground Beef,Meat,238,213,14,5.9,757.16
3/25/2024,D003,Heartland Meats,Plains,P004,Tomatoes,Produce,237,217,10,4.2,1761.96
3/25/2024,D003,Heartland Meats,Plains,P005,Cheddar Cheese,Dairy,496,439,21,4.2,1380.13
3/25/2024,D003,Heartland Meats,Plains,P006,Chicken Breast,Meat,543,394,52,9.6,2152.61
3/25/2024,D004,Southwest Organics,Southwest,P001,Leafy Greens,Produce,337,296,11,3.3,940.06
3/25/2024,D004,Southwest Organics,Southwest,P002,Whole Milk,Dairy,366,310,25,6.8,801.2
3/25/2024,D004,Southwest Organics,Southwest,P003,Ground Beef,Meat,545,470,36,6.6,1669.9
3/25/2024,D004,Southwest Organics,Southwest,P004,Tomatoes,Produce,615,537,19,3.1,3498.84
3/25/2024,D004,Southwest Organics,Southwest,P005,Cheddar Cheese,Dairy,389,355,26,6.7,902.05
3/25/2024,D004,Southwest Organics,Southwest,P006,Chicken Breast,Meat,592,422,64,10.8,1819.53
3/25/2024,D005,Great Lakes Dairy,Midwest,P001,Leafy Greens,Produce,786,513,78,9.9,1473.72
3/25/2024,D005,Great Lakes Dairy,Midwest,P002,Whole Milk,Dairy,321,248,19,5.9,1993.58
3/25/2024,D005,Great Lakes Dairy,Midwest,P003,Ground Beef,Meat,518,433,42,8.1,2037.38
3/25/2024,D005,Great Lakes Dairy,Midwest,P004,Tomatoes,Produce,426,302,15,3.5,2109.9
3/25/2024,D005,Great Lakes Dairy,Midwest,P005,Cheddar Cheese,Dairy,582,443,38,6.5,2536.22
3/25/2024,D005,Great Lakes Dairy,Midwest,P006,Chicken Breast,Meat,423,361,26,6.1,2607.94
4/1/2024,D001,Green Valley Produce,Midwest,P001,Leafy Greens,Produce,738,568,38,5.1,3342.69
4/1/2024,D001,Green Valley Produce,Midwest,P002,Whole Milk,Dairy,263,229,12,4.6,1309.87
4/1/2024,D001,Green Valley Produce,Midwest,P003,Ground Beef,Meat,368,271,18,4.9,1011.48
4/1/2024,D001,Green Valley Produce,Midwest,P004,Tomatoes,Produce,797,623,60,7.5,1765.47
4/1/2024,D001,Green Valley Produce,Midwest,P005,Cheddar Cheese,Dairy,335,264,12,3.6,1392.41
4/1/2024,D001,Green Valley Produce,Midwest,P006,Chicken Breast,Meat,515,435,35,6.8,3034.05
4/1/2024,D002,Fresh Coast Foods,Southeast,P001,Leafy Greens,Produce,792,530,66,8.3,3045.9
4/1/2024,D002,Fresh Coast Foods,Southeast,P002,Whole Milk,Dairy,261,235,16,6.1,632.25
4/1/2024,D002,Fresh Coast Foods,Southeast,P003,Ground Beef,Meat,618,431,38,6.1,2963.44
4/1/2024,D002,Fresh Coast Foods,Southeast,P004,Tomatoes,Produce,630,473,51,8.1,3785.27
4/1/2024,D002,Fresh Coast Foods,Southeast,P005,Cheddar Cheese,Dairy,586,440,49,8.4,2523.75
4/1/2024,D002,Fresh Coast Foods,Southeast,P006,Chicken Breast,Meat,556,379,55,9.9,1237.09
4/1/2024,D003,Heartland Meats,Plains,P001,Leafy Greens,Produce,428,374,34,7.9,1973.98
4/1/2024,D003,Heartland Meats,Plains,P002,Whole Milk,Dairy,757,578,35,4.6,3042.45
4/1/2024,D003,Heartland Meats,Plains,P003,Ground Beef,Meat,358,259,37,10.3,822.86
4/1/2024,D003,Heartland Meats,Plains,P004,Tomatoes,Produce,629,513,58,9.2,2023.27
4/1/2024,D003,Heartland Meats,Plains,P005,Cheddar Cheese,Dairy,268,181,14,5.2,1216.27
4/1/2024,D003,Heartland Meats,Plains,P006,Chicken Breast,Meat,249,178,11,4.4,1021.46
4/1/2024,D004,Southwest Organics,Southwest,P001,Leafy Greens,Produce,257,176,23,8.9,1407.72
4/1/2024,D004,Southwest Organics,Southwest,P002,Whole Milk,Dairy,789,580,65,8.2,2565.91
4/1/2024,D004,Southwest Organics,Southwest,P003,Ground Beef,Meat,509,451,30,5.9,2246.59
4/1/2024,D004,Southwest Organics,Southwest,P004,Tomatoes,Produce,481,320,59,12.3,2550.23
4/1/2024,D004,Southwest Organics,Southwest,P005,Cheddar Cheese,Dairy,637,509,23,3.6,3237.19
4/1/2024,D004,Southwest Organics,Southwest,P006,Chicken Breast,Meat,590,508,26,4.4,1724.82
4/1/2024,D005,Great Lakes Dairy,Midwest,P001,Leafy Greens,Produce,585,409,36,6.2,1575.5
4/1/2024,D005,Great Lakes Dairy,Midwest,P002,Whole Milk,Dairy,347,301,22,6.3,2500.32
4/1/2024,D005,Great Lakes Dairy,Midwest,P003,Ground Beef,Meat,770,610,35,4.5,2733.76
4/1/2024,D005,Great Lakes Dairy,Midwest,P004,Tomatoes,Produce,280,251,9,3.2,1718.72
4/1/2024,D005,Great Lakes Dairy,Midwest,P005,Cheddar Cheese,Dairy,395,262,30,7.6,717.17
4/1/2024,D005,Great Lakes Dairy,Midwest,P006,Chicken Breast,Meat,274,192,27,9.9,1123.8
4/8/2024,D001,Green Valley Produce,Midwest,P001,Leafy Greens,Produce,690,487,58,8.4,3873.58
4/8/2024,D001,Green Valley Produce,Midwest,P002,Whole Milk,Dairy,416,375,15,3.6,3186.54
4/8/2024,D001,Green Valley Produce,Midwest,P003,Ground Beef,Meat,690,618,43,6.2,3015.71
4/8/2024,D001,Green Valley Produce,Midwest,P004,Tomatoes,Produce,445,355,29,6.5,2024.17
4/8/2024,D001,Green Valley Produce,Midwest,P005,Cheddar Cheese,Dairy,567,415,46,8.1,2197.85
4/8/2024,D001,Green Valley Produce,Midwest,P006,Chicken Breast,Meat,680,581,23,3.4,2543.35
4/8/2024,D002,Fresh Coast Foods,Southeast,P001,Leafy Greens,Produce,246,197,8,3.3,800.73
4/8/2024,D002,Fresh Coast Foods,Southeast,P002,Whole Milk,Dairy,798,643,31,3.9,2880.12
4/8/2024,D002,Fresh Coast Foods,Southeast,P003,Ground Beef,Meat,588,472,31,5.3,3851.89
4/8/2024,D002,Fresh Coast Foods,Southeast,P004,Tomatoes,Produce,545,392,60,11,2489.27
4/8/2024,D002,Fresh Coast Foods,Southeast,P005,Cheddar Cheese,Dairy,702,543,46,6.6,1813.48
4/8/2024,D002,Fresh Coast Foods,Southeast,P006,Chicken Breast,Meat,759,593,62,8.2,3766.06
4/8/2024,D003,Heartland Meats,Plains,P001,Leafy Greens,Produce,260,205,14,5.4,1518.63
4/8/2024,D003,Heartland Meats,Plains,P002,Whole Milk,Dairy,249,213,17,6.8,828.27
4/8/2024,D003,Heartland Meats,Plains,P003,Ground Beef,Meat,354,230,26,7.3,1427.61
4/8/2024,D003,Heartland Meats,Plains,P004,Tomatoes,Produce,694,574,30,4.3,2851.65
4/8/2024,D003,Heartland Meats,Plains,P005,Cheddar Cheese,Dairy,217,172,16,7.4,447.69
4/8/2024,D003,Heartland Meats,Plains,P006,Chicken Breast,Meat,640,555,27,4.2,1708.23
4/8/2024,D004,Southwest Organics,Southwest,P001,Leafy Greens,Produce,352,251,23,6.5,1161.29
4/8/2024,D004,Southwest Organics,Southwest,P002,Whole Milk,Dairy,606,406,62,10.2,1607.45
4/8/2024,D004,Southwest Organics,Southwest,P003,Ground Beef,Meat,431,315,27,6.3,2661.77
4/8/2024,D004,Southwest Organics,Southwest,P004,Tomatoes,Produce,232,156,16,6.9,442.52
4/8/2024,D004,Southwest Organics,Southwest,P005,Cheddar Cheese,Dairy,209,175,12,5.7,1114.65
4/8/2024,D004,Southwest Organics,Southwest,P006,Chicken Breast,Meat,539,432,28,5.2,2448.99
4/8/2024,D005,Great Lakes Dairy,Midwest,P001,Leafy Greens,Produce,243,173,24,9.9,1020.82
4/8/2024,D005,Great Lakes Dairy,Midwest,P002,Whole Milk,Dairy,477,316,35,7.3,2495.09
4/8/2024,D005,Great Lakes Dairy,Midwest,P003,Ground Beef,Meat,777,643,50,6.4,1667.91
4/8/2024,D005,Great Lakes Dairy,Midwest,P004,Tomatoes,Produce,412,333,32,7.8,1628.3
4/8/2024,D005,Great Lakes Dairy,Midwest,P005,Cheddar Cheese,Dairy,278,203,21,7.6,1542.12
4/8/2024,D005,Great Lakes Dairy,Midwest,P006,Chicken Breast,Meat,753,556,47,6.2,4687.56
4/15/2024,D001,Green Valley Produce,Midwest,P001,Leafy Greens,Produce,280,219,16,5.7,1121.83
4/15/2024,D001,Green Valley Produce,Midwest,P002,Whole Milk,Dairy,277,205,28,10.1,1000.44
4/15/2024,D001,Green Valley Produce,Midwest,P003,Ground Beef,Meat,534,351,48,9,1910.71
4/15/2024,D001,Green Valley Produce,Midwest,P004,Tomatoes,Produce,564,450,23,4.1,2706.86
4/15/2024,D001,Green Valley Produce,Midwest,P005,Cheddar Cheese,Dairy,589,396,58,9.8,2684.35
4/15/2024,D001,Green Valley Produce,Midwest,P006,Chicken Breast,Meat,284,205,22,7.7,702.26
4/15/2024,D002,Fresh Coast Foods,Southeast,P001,Leafy Greens,Produce,598,439,15,2.5,1909.48
4/15/2024,D002,Fresh Coast Foods,Southeast,P002,Whole Milk,Dairy,568,485,13,2.3,2466.65
4/15/2024,D002,Fresh Coast Foods,Southeast,P003,Ground Beef,Meat,770,615,26,3.4,2843.44
4/15/2024,D002,Fresh Coast Foods,Southeast,P004,Tomatoes,Produce,295,239,25,8.5,615.2
4/15/2024,D002,Fresh Coast Foods,Southeast,P005,Cheddar Cheese,Dairy,623,470,42,6.7,3727.69
4/15/2024,D002,Fresh Coast Foods,Southeast,P006,Chicken Breast,Meat,448,360,19,4.2,1199.89
4/15/2024,D003,Heartland Meats,Plains,P001,Leafy Greens,Produce,508,367,18,3.5,1525.17
4/15/2024,D003,Heartland Meats,Plains,P002,Whole Milk,Dairy,506,395,17,3.4,1571.92
4/15/2024,D003,Heartland Meats,Plains,P003,Ground Beef,Meat,707,572,21,3,2475.59
4/15/2024,D003,Heartland Meats,Plains,P004,Tomatoes,Produce,605,447,54,8.9,2001.33
4/15/2024,D003,Heartland Meats,Plains,P005,Cheddar Cheese,Dairy,542,415,46,8.5,2517.54
4/15/2024,D003,Heartland Meats,Plains,P006,Chicken Breast,Meat,507,373,38,7.5,1635.64
4/15/2024,D004,Southwest Organics,Southwest,P001,Leafy Greens,Produce,607,553,32,5.3,3011.66
4/15/2024,D004,Southwest Organics,Southwest,P002,Whole Milk,Dairy,789,679,29,3.7,4899.12
4/15/2024,D004,Southwest Organics,Southwest,P003,Ground Beef,Meat,573,390,48,8.4,2251.77
4/15/2024,D004,Southwest Organics,Southwest,P004,Tomatoes,Produce,763,501,88,11.5,1882.7
4/15/2024,D004,Southwest Organics,Southwest,P005,Cheddar Cheese,Dairy,498,435,29,5.8,3162.57
4/15/2024,D004,Southwest Organics,Southwest,P006,Chicken Breast,Meat,711,488,37,5.2,1671.33
4/15/2024,D005,Great Lakes Dairy,Midwest,P001,Leafy Greens,Produce,633,546,42,6.6,2934.97
4/15/2024,D005,Great Lakes Dairy,Midwest,P002,Whole Milk,Dairy,610,484,58,9.5,2424.75
4/15/2024,D005,Great Lakes Dairy,Midwest,P003,Ground Beef,Meat,237,204,16,6.8,1167.17
4/15/2024,D005,Great Lakes Dairy,Midwest,P004,Tomatoes,Produce,287,195,20,7,682.12
4/15/2024,D005,Great Lakes Dairy,Midwest,P005,Cheddar Cheese,Dairy,245,196,18,7.3,1626.97
4/15/2024,D005,Great Lakes Dairy,Midwest,P006,Chicken Breast,Meat,539,490,11,2,1985.69
4/22/2024,D001,Green Valley Produce,Midwest,P001,Leafy Greens,Produce,722,614,47,6.5,2349.28
4/22/2024,D001,Green Valley Produce,Midwest,P002,Whole Milk,Dairy,583,440,48,8.2,2421.23
4/22/2024,D001,Green Valley Produce,Midwest,P003,Ground Beef,Meat,553,508,19,3.4,4075.83
4/22/2024,D001,Green Valley Produce,Midwest,P004,Tomatoes,Produce,287,195,24,8.4,852.41
4/22/2024,D001,Green Valley Produce,Midwest,P005,Cheddar Cheese,Dairy,666,573,30,4.5,1768.13
4/22/2024,D001,Green Valley Produce,Midwest,P006,Chicken Breast,Meat,663,488,49,7.4,1556.97
4/22/2024,D002,Fresh Coast Foods,Southeast,P001,Leafy Greens,Produce,551,454,25,4.5,3815.14
4/22/2024,D002,Fresh Coast Foods,Southeast,P002,Whole Milk,Dairy,449,354,25,5.6,1790.61
4/22/2024,D002,Fresh Coast Foods,Southeast,P003,Ground Beef,Meat,673,479,34,5.1,3038.24
4/22/2024,D002,Fresh Coast Foods,Southeast,P004,Tomatoes,Produce,642,485,61,9.5,2520.76
4/22/2024,D002,Fresh Coast Foods,Southeast,P005,Cheddar Cheese,Dairy,639,482,39,6.1,3380.73
4/22/2024,D002,Fresh Coast Foods,Southeast,P006,Chicken Breast,Meat,264,212,19,7.2,995.29
4/22/2024,D003,Heartland Meats,Plains,P001,Leafy Greens,Produce,401,310,29,7.2,1756.55
4/22/2024,D003,Heartland Meats,Plains,P002,Whole Milk,Dairy,520,421,35,6.7,1931.36
4/22/2024,D003,Heartland Meats,Plains,P003,Ground Beef,Meat,668,545,53,7.9,2335.14
4/22/2024,D003,Heartland Meats,Plains,P004,Tomatoes,Produce,286,237,10,3.5,758.8
4/22/2024,D003,Heartland Meats,Plains,P005,Cheddar Cheese,Dairy,582,487,30,5.2,1620.35
4/22/2024,D003,Heartland Meats,Plains,P006,Chicken Breast,Meat,592,452,39,6.6,3622.76
4/22/2024,D004,Southwest Organics,Southwest,P001,Leafy Greens,Produce,377,301,16,4.2,1320.63
4/22/2024,D004,Southwest Organics,Southwest,P002,Whole Milk,Dairy,661,540,61,9.2,2920.13
4/22/2024,D004,Southwest Organics,Southwest,P003,Ground Beef,Meat,399,347,25,6.3,1898.03
4/22/2024,D004,Southwest Organics,Southwest,P004,Tomatoes,Produce,703,535,56,8,1602.87
4/22/2024,D004,Southwest Organics,Southwest,P005,Cheddar Cheese,Dairy,231,199,5,2.2,765.96
4/22/2024,D004,Southwest Organics,Southwest,P006,Chicken Breast,Meat,495,344,41,8.3,2440.86
4/22/2024,D005,Great Lakes Dairy,Midwest,P001,Leafy Greens,Produce,762,600,41,5.4,3455.18
4/22/2024,D005,Great Lakes Dairy,Midwest,P002,Whole Milk,Dairy,575,457,48,8.3,2352.73
4/22/2024,D005,Great Lakes Dairy,Midwest,P003,Ground Beef,Meat,423,387,23,5.4,2712.12
4/22/2024,D005,Great Lakes Dairy,Midwest,P004,Tomatoes,Produce,504,446,14,2.8,3422.25
4/22/2024,D005,Great Lakes Dairy,Midwest,P005,Cheddar Cheese,Dairy,289,222,28,9.7,870.61
4/22/2024,D005,Great Lakes Dairy,Midwest,P006,Chicken Breast,Meat,559,493,27,4.8,3055.08
4/29/2024,D001,Green Valley Produce,Midwest,P001,Leafy Greens,Produce,411,357,25,6.1,2032.65
4/29/2024,D001,Green Valley Produce,Midwest,P002,Whole Milk,Dairy,751,522,68,9.1,3098.81
4/29/2024,D001,Green Valley Produce,Midwest,P003,Ground Beef,Meat,726,665,20,2.8,5503.96
4/29/2024,D001,Green Valley Produce,Midwest,P004,Tomatoes,Produce,621,557,47,7.6,1816.56
4/29/2024,D001,Green Valley Produce,Midwest,P005,Cheddar Cheese,Dairy,335,240,33,9.9,1696.52
4/29/2024,D001,Green Valley Produce,Midwest,P006,Chicken Breast,Meat,602,470,33,5.5,2343.11
4/29/2024,D002,Fresh Coast Foods,Southeast,P001,Leafy Greens,Produce,662,443,72,10.9,2178.28
4/29/2024,D002,Fresh Coast Foods,Southeast,P002,Whole Milk,Dairy,484,405,31,6.4,2198.45
4/29/2024,D002,Fresh Coast Foods,Southeast,P003,Ground Beef,Meat,795,517,86,10.8,3559.85
4/29/2024,D002,Fresh Coast Foods,Southeast,P004,Tomatoes,Produce,669,549,54,8.1,3993.46
4/29/2024,D002,Fresh Coast Foods,Southeast,P005,Cheddar Cheese,Dairy,607,430,33,5.4,1767.83
4/29/2024,D002,Fresh Coast Foods,Southeast,P006,Chicken Breast,Meat,490,363,37,7.6,1964.57
4/29/2024,D003,Heartland Meats,Plains,P001,Leafy Greens,Produce,551,491,17,3.1,3072.22
4/29/2024,D003,Heartland Meats,Plains,P002,Whole Milk,Dairy,670,438,60,9,2294.73
4/29/2024,D003,Heartland Meats,Plains,P003,Ground Beef,Meat,638,449,41,6.4,2873.59
4/29/2024,D003,Heartland Meats,Plains,P004,Tomatoes,Produce,362,320,13,3.6,1492.04
4/29/2024,D003,Heartland Meats,Plains,P005,Cheddar Cheese,Dairy,284,213,19,6.7,1039.02
4/29/2024,D003,Heartland Meats,Plains,P006,Chicken Breast,Meat,512,433,30,5.9,1319.44
4/29/2024,D004,Southwest Organics,Southwest,P001,Leafy Greens,Produce,297,193,18,6.1,744.43
4/29/2024,D004,Southwest Organics,Southwest,P002,Whole Milk,Dairy,655,427,70,10.7,3599.15
4/29/2024,D004,Southwest Organics,Southwest,P003,Ground Beef,Meat,632,529,26,4.1,1606.04
4/29/2024,D004,Southwest Organics,Southwest,P004,Tomatoes,Produce,304,206,17,5.6,988.04
4/29/2024,D004,Southwest Organics,Southwest,P005,Cheddar Cheese,Dairy,336,276,14,4.2,1622.81
4/29/2024,D004,Southwest Organics,Southwest,P006,Chicken Breast,Meat,368,282,29,7.9,961.13
4/29/2024,D005,Great Lakes Dairy,Midwest,P001,Leafy Greens,Produce,621,506,26,4.2,3987.06
4/29/2024,D005,Great Lakes Dairy,Midwest,P002,Whole Milk,Dairy,343,292,17,5,2417.61
4/29/2024,D005,Great Lakes Dairy,Midwest,P003,Ground Beef,Meat,522,450,28,5.4,1795.05
4/29/2024,D005,Great Lakes Dairy,Midwest,P004,Tomatoes,Produce,491,422,37,7.5,2722.08
4/29/2024,D005,Great Lakes Dairy,Midwest,P005,Cheddar Cheese,Dairy,508,358,32,6.3,1736.48
4/29/2024,D005,Great Lakes Dairy,Midwest,P006,Chicken Breast,Meat,255,219,12,4.7,1054.55
5/6/2024,D001,Green Valley Produce,Midwest,P001,Leafy Greens,Produce,446,350,30,6.7,2928.16
5/6/2024,D001,Green Valley Produce,Midwest,P002,Whole Milk,Dairy,569,513,33,5.8,3031.97
5/6/2024,D001,Green Valley Produce,Midwest,P003,Ground Beef,Meat,574,457,27,4.7,3849.86
5/6/2024,D001,Green Valley Produce,Midwest,P004,Tomatoes,Produce,274,179,11,4,490.27
5/6/2024,D001,Green Valley Produce,Midwest,P005,Cheddar Cheese,Dairy,261,236,9,3.4,1599.08
5/6/2024,D001,Green Valley Produce,Midwest,P006,Chicken Breast,Meat,625,477,42,6.7,2731.27
5/6/2024,D002,Fresh Coast Foods,Southeast,P001,Leafy Greens,Produce,356,258,22,6.2,959.55
5/6/2024,D002,Fresh Coast Foods,Southeast,P002,Whole Milk,Dairy,359,285,23,6.4,2139.54
5/6/2024,D002,Fresh Coast Foods,Southeast,P003,Ground Beef,Meat,267,195,23,8.6,766.71
5/6/2024,D002,Fresh Coast Foods,Southeast,P004,Tomatoes,Produce,450,302,32,7.1,1858.2
5/6/2024,D002,Fresh Coast Foods,Southeast,P005,Cheddar Cheese,Dairy,516,428,23,4.5,1102.52
5/6/2024,D002,Fresh Coast Foods,Southeast,P006,Chicken Breast,Meat,340,285,23,6.8,1606.84
5/6/2024,D003,Heartland Meats,Plains,P001,Leafy Greens,Produce,465,323,31,6.7,1328.37
5/6/2024,D003,Heartland Meats,Plains,P002,Whole Milk,Dairy,320,274,18,5.6,1132.14
5/6/2024,D003,Heartland Meats,Plains,P003,Ground Beef,Meat,265,191,26,9.8,1046.09
5/6/2024,D003,Heartland Meats,Plains,P004,Tomatoes,Produce,723,540,51,7.1,2541.31
5/6/2024,D003,Heartland Meats,Plains,P005,Cheddar Cheese,Dairy,461,395,33,7.2,1260.84
5/6/2024,D003,Heartland Meats,Plains,P006,Chicken Breast,Meat,721,469,56,7.8,1301.89
5/6/2024,D004,Southwest Organics,Southwest,P001,Leafy Greens,Produce,572,430,41,7.2,3287.31
5/6/2024,D004,Southwest Organics,Southwest,P002,Whole Milk,Dairy,766,664,49,6.4,2554.47
5/6/2024,D004,Southwest Organics,Southwest,P003,Ground Beef,Meat,454,346,29,6.4,1026.69
5/6/2024,D004,Southwest Organics,Southwest,P004,Tomatoes,Produce,581,396,37,6.4,1520.29
5/6/2024,D004,Southwest Organics,Southwest,P005,Cheddar Cheese,Dairy,728,666,22,3,3523.52
5/6/2024,D004,Southwest Organics,Southwest,P006,Chicken Breast,Meat,489,419,13,2.7,2195.76
5/6/2024,D005,Great Lakes Dairy,Midwest,P001,Leafy Greens,Produce,577,406,38,6.6,2531.94
5/6/2024,D005,Great Lakes Dairy,Midwest,P002,Whole Milk,Dairy,675,505,76,11.3,3613.43
5/6/2024,D005,Great Lakes Dairy,Midwest,P003,Ground Beef,Meat,759,649,17,2.2,3219.18
5/6/2024,D005,Great Lakes Dairy,Midwest,P004,Tomatoes,Produce,438,348,33,7.5,890.03
5/6/2024,D005,Great Lakes Dairy,Midwest,P005,Cheddar Cheese,Dairy,543,353,58,10.7,2422.74
5/6/2024,D005,Great Lakes Dairy,Midwest,P006,Chicken Breast,Meat,306,215,29,9.5,1777.43
5/13/2024,D001,Green Valley Produce,Midwest,P001,Leafy Greens,Produce,345,290,22,6.4,2286.28
5/13/2024,D001,Green Valley Produce,Midwest,P002,Whole Milk,Dairy,732,557,59,8.1,3891.98
5/13/2024,D001,Green Valley Produce,Midwest,P003,Ground Beef,Meat,794,536,57,7.2,1580.65
5/13/2024,D001,Green Valley Produce,Midwest,P004,Tomatoes,Produce,781,520,54,6.9,2210.03
5/13/2024,D001,Green Valley Produce,Midwest,P005,Cheddar Cheese,Dairy,522,469,32,6.1,2090.57
5/13/2024,D001,Green Valley Produce,Midwest,P006,Chicken Breast,Meat,663,479,23,3.5,3439.04
5/13/2024,D002,Fresh Coast Foods,Southeast,P001,Leafy Greens,Produce,798,542,41,5.1,2376.24
5/13/2024,D002,Fresh Coast Foods,Southeast,P002,Whole Milk,Dairy,323,256,20,6.2,1113.56
5/13/2024,D002,Fresh Coast Foods,Southeast,P003,Ground Beef,Meat,471,414,26,5.5,1790.67
5/13/2024,D002,Fresh Coast Foods,Southeast,P004,Tomatoes,Produce,241,170,17,7.1,1150.38
5/13/2024,D002,Fresh Coast Foods,Southeast,P005,Cheddar Cheese,Dairy,564,426,20,3.5,3161.15
5/13/2024,D002,Fresh Coast Foods,Southeast,P006,Chicken Breast,Meat,378,248,26,6.9,1733.14
5/13/2024,D003,Heartland Meats,Plains,P001,Leafy Greens,Produce,455,307,31,6.8,991.22
5/13/2024,D003,Heartland Meats,Plains,P002,Whole Milk,Dairy,263,229,11,4.2,1704.23
5/13/2024,D003,Heartland Meats,Plains,P003,Ground Beef,Meat,581,485,28,4.8,2918.11
5/13/2024,D003,Heartland Meats,Plains,P004,Tomatoes,Produce,276,181,20,7.2,934.07
5/13/2024,D003,Heartland Meats,Plains,P005,Cheddar Cheese,Dairy,331,223,37,11.2,721.44
5/13/2024,D003,Heartland Meats,Plains,P006,Chicken Breast,Meat,672,445,68,10.1,3046.73
5/13/2024,D004,Southwest Organics,Southwest,P001,Leafy Greens,Produce,708,465,52,7.3,1761.56
5/13/2024,D004,Southwest Organics,Southwest,P002,Whole Milk,Dairy,391,283,19,4.9,1750.25
5/13/2024,D004,Southwest Organics,Southwest,P003,Ground Beef,Meat,451,371,34,7.5,1993.82
5/13/2024,D004,Southwest Organics,Southwest,P004,Tomatoes,Produce,289,209,10,3.5,1631.85
5/13/2024,D004,Southwest Organics,Southwest,P005,Cheddar Cheese,Dairy,738,529,73,9.9,1384.49
5/13/2024,D004,Southwest Organics,Southwest,P006,Chicken Breast,Meat,591,508,30,5.1,2747.3
5/13/2024,D005,Great Lakes Dairy,Midwest,P001,Leafy Greens,Produce,779,612,33,4.2,2700.92
5/13/2024,D005,Great Lakes Dairy,Midwest,P002,Whole Milk,Dairy,424,278,37,8.7,2043.83
5/13/2024,D005,Great Lakes Dairy,Midwest,P003,Ground Beef,Meat,683,541,66,9.7,4514.04
5/13/2024,D005,Great Lakes Dairy,Midwest,P004,Tomatoes,Produce,302,216,18,6,1565.44
5/13/2024,D005,Great Lakes Dairy,Midwest,P005,Cheddar Cheese,Dairy,257,220,17,6.6,1847.12
5/13/2024,D005,Great Lakes Dairy,Midwest,P006,Chicken Breast,Meat,597,445,60,10.1,1582.69
5/20/2024,D001,Green Valley Produce,Midwest,P001,Leafy Greens,Produce,525,455,40,7.6,1214.5
5/20/2024,D001,Green Valley Produce,Midwest,P002,Whole Milk,Dairy,560,507,28,5,1840.11
5/20/2024,D001,Green Valley Produce,Midwest,P003,Ground Beef,Meat,704,560,18,2.6,1588.72
5/20/2024,D001,Green Valley Produce,Midwest,P004,Tomatoes,Produce,424,277,29,6.8,1713.19
5/20/2024,D001,Green Valley Produce,Midwest,P005,Cheddar Cheese,Dairy,333,247,22,6.6,1904.2
5/20/2024,D001,Green Valley Produce,Midwest,P006,Chicken Breast,Meat,260,170,27,10.4,1214.85
5/20/2024,D002,Fresh Coast Foods,Southeast,P001,Leafy Greens,Produce,738,651,39,5.3,5306.65
5/20/2024,D002,Fresh Coast Foods,Southeast,P002,Whole Milk,Dairy,605,488,27,4.5,4077.32
5/20/2024,D002,Fresh Coast Foods,Southeast,P003,Ground Beef,Meat,647,558,46,7.1,1978.23
5/20/2024,D002,Fresh Coast Foods,Southeast,P004,Tomatoes,Produce,775,648,64,8.3,2487.95
5/20/2024,D002,Fresh Coast Foods,Southeast,P005,Cheddar Cheese,Dairy,379,285,25,6.6,1016.38
5/20/2024,D002,Fresh Coast Foods,Southeast,P006,Chicken Breast,Meat,201,182,9,4.5,1540.76
5/20/2024,D003,Heartland Meats,Plains,P001,Leafy Greens,Produce,781,514,83,10.6,4268.87
5/20/2024,D003,Heartland Meats,Plains,P002,Whole Milk,Dairy,426,350,19,4.5,1570.45
5/20/2024,D003,Heartland Meats,Plains,P003,Ground Beef,Meat,279,199,22,7.9,1554.57
5/20/2024,D003,Heartland Meats,Plains,P004,Tomatoes,Produce,290,252,19,6.6,1137.65
5/20/2024,D003,Heartland Meats,Plains,P005,Cheddar Cheese,Dairy,211,152,7,3.3,614.07
5/20/2024,D003,Heartland Meats,Plains,P006,Chicken Breast,Meat,310,261,12,3.9,1309.68
5/20/2024,D004,Southwest Organics,Southwest,P001,Leafy Greens,Produce,370,328,16,4.3,1894.58
5/20/2024,D004,Southwest Organics,Southwest,P002,Whole Milk,Dairy,303,264,18,5.9,1861.06
5/20/2024,D004,Southwest Organics,Southwest,P003,Ground Beef,Meat,430,298,29,6.7,1272.3
5/20/2024,D004,Southwest Organics,Southwest,P004,Tomatoes,Produce,526,378,22,4.2,2958.83
5/20/2024,D004,Southwest Organics,Southwest,P005,Cheddar Cheese,Dairy,364,308,27,7.4,942.06
5/20/2024,D004,Southwest Organics,Southwest,P006,Chicken Breast,Meat,694,583,42,6.1,3581.9
5/20/2024,D005,Great Lakes Dairy,Midwest,P001,Leafy Greens,Produce,644,445,24,3.7,1619.76
5/20/2024,D005,Great Lakes Dairy,Midwest,P002,Whole Milk,Dairy,767,648,38,5,2714.56
5/20/2024,D005,Great Lakes Dairy,Midwest,P003,Ground Beef,Meat,443,299,32,7.2,1628.26
5/20/2024,D005,Great Lakes Dairy,Midwest,P004,Tomatoes,Produce,255,190,13,5.1,1229.7
5/20/2024,D005,Great Lakes Dairy,Midwest,P005,Cheddar Cheese,Dairy,691,486,21,3,2065.92
5/20/2024,D005,Great Lakes Dairy,Midwest,P006,Chicken Breast,Meat,283,220,17,6,1171.65
5/27/2024,D001,Green Valley Produce,Midwest,P001,Leafy Greens,Produce,471,317,30,6.4,2476.71
5/27/2024,D001,Green Valley Produce,Midwest,P002,Whole Milk,Dairy,578,404,26,4.5,1648.48
5/27/2024,D001,Green Valley Produce,Midwest,P003,Ground Beef,Meat,475,381,27,5.7,1173.56
5/27/2024,D001,Green Valley Produce,Midwest,P004,Tomatoes,Produce,552,479,34,6.2,1851.37
5/27/2024,D001,Green Valley Produce,Midwest,P005,Cheddar Cheese,Dairy,262,229,14,5.3,1308.3
5/27/2024,D001,Green Valley Produce,Midwest,P006,Chicken Breast,Meat,686,551,28,4.1,2682.72
5/27/2024,D002,Fresh Coast Foods,Southeast,P001,Leafy Greens,Produce,235,184,22,9.4,1208
5/27/2024,D002,Fresh Coast Foods,Southeast,P002,Whole Milk,Dairy,350,238,26,7.4,2000.68
5/27/2024,D002,Fresh Coast Foods,Southeast,P003,Ground Beef,Meat,416,361,16,3.8,3043.11
5/27/2024,D002,Fresh Coast Foods,Southeast,P004,Tomatoes,Produce,645,454,47,7.3,2755.91
5/27/2024,D002,Fresh Coast Foods,Southeast,P005,Cheddar Cheese,Dairy,527,472,18,3.4,2279.1
5/27/2024,D002,Fresh Coast Foods,Southeast,P006,Chicken Breast,Meat,606,484,45,7.4,3873.44
5/27/2024,D003,Heartland Meats,Plains,P001,Leafy Greens,Produce,212,182,12,5.7,913.2
5/27/2024,D003,Heartland Meats,Plains,P002,Whole Milk,Dairy,624,430,51,8.2,3564.27
5/27/2024,D003,Heartland Meats,Plains,P003,Ground Beef,Meat,302,271,8,2.6,1142.69
5/27/2024,D003,Heartland Meats,Plains,P004,Tomatoes,Produce,748,663,34,4.5,4262.25
5/27/2024,D003,Heartland Meats,Plains,P005,Cheddar Cheese,Dairy,785,639,25,3.2,2149.03
5/27/2024,D003,Heartland Meats,Plains,P006,Chicken Breast,Meat,611,403,57,9.3,1581.97
5/27/2024,D004,Southwest Organics,Southwest,P001,Leafy Greens,Produce,686,616,21,3.1,4561.06
5/27/2024,D004,Southwest Organics,Southwest,P002,Whole Milk,Dairy,510,374,53,10.4,2471.81
5/27/2024,D004,Southwest Organics,Southwest,P003,Ground Beef,Meat,433,297,43,9.9,2214.12
5/27/2024,D004,Southwest Organics,Southwest,P004,Tomatoes,Produce,475,402,17,3.6,2070.42
5/27/2024,D004,Southwest Organics,Southwest,P005,Cheddar Cheese,Dairy,616,523,49,8,3883.85
5/27/2024,D004,Southwest Organics,Southwest,P006,Chicken Breast,Meat,727,627,38,5.2,3085.03
5/27/2024,D005,Great Lakes Dairy,Midwest,P001,Leafy Greens,Produce,736,653,18,2.4,4895.92
5/27/2024,D005,Great Lakes Dairy,Midwest,P002,Whole Milk,Dairy,259,185,23,8.9,1244.64
5/27/2024,D005,Great Lakes Dairy,Midwest,P003,Ground Beef,Meat,480,359,29,6,2885.8
5/27/2024,D005,Great Lakes Dairy,Midwest,P004,Tomatoes,Produce,231,165,15,6.5,1363.42
5/27/2024,D005,Great Lakes Dairy,Midwest,P005,Cheddar Cheese,Dairy,685,553,26,3.8,4350.42
5/27/2024,D005,Great Lakes Dairy,Midwest,P006,Chicken Breast,Meat,292,212,14,4.8,1257.91
6/3/2024,D001,Green Valley Produce,Midwest,P001,Leafy Greens,Produce,419,369,26,6.2,1518.25
6/3/2024,D001,Green Valley Produce,Midwest,P002,Whole Milk,Dairy,619,488,61,9.9,3217.48
6/3/2024,D001,Green Valley Produce,Midwest,P003,Ground Beef,Meat,685,613,38,5.5,1563.63
6/3/2024,D001,Green Valley Produce,Midwest,P004,Tomatoes,Produce,458,372,38,8.3,2513.31
6/3/2024,D001,Green Valley Produce,Midwest,P005,Cheddar Cheese,Dairy,481,367,25,5.2,1472.4
6/3/2024,D001,Green Valley Produce,Midwest,P006,Chicken Breast,Meat,677,495,52,7.7,2973.43
6/3/2024,D002,Fresh Coast Foods,Southeast,P001,Leafy Greens,Produce,207,163,17,8.2,773.5
6/3/2024,D002,Fresh Coast Foods,Southeast,P002,Whole Milk,Dairy,489,357,14,2.9,3009.57
6/3/2024,D002,Fresh Coast Foods,Southeast,P003,Ground Beef,Meat,532,469,29,5.5,3683.64
6/3/2024,D002,Fresh Coast Foods,Southeast,P004,Tomatoes,Produce,505,353,31,6.1,1002.75
6/3/2024,D002,Fresh Coast Foods,Southeast,P005,Cheddar Cheese,Dairy,613,507,45,7.3,3261.23
6/3/2024,D002,Fresh Coast Foods,Southeast,P006,Chicken Breast,Meat,502,361,31,6.2,979
6/3/2024,D003,Heartland Meats,Plains,P001,Leafy Greens,Produce,785,683,46,5.9,4520.03
6/3/2024,D003,Heartland Meats,Plains,P002,Whole Milk,Dairy,687,614,36,5.2,4649.52
6/3/2024,D003,Heartland Meats,Plains,P003,Ground Beef,Meat,771,538,26,3.4,2179.93
6/3/2024,D003,Heartland Meats,Plains,P004,Tomatoes,Produce,772,660,42,5.4,2979.1
6/3/2024,D003,Heartland Meats,Plains,P005,Cheddar Cheese,Dairy,291,206,22,7.6,1034.7
6/3/2024,D003,Heartland Meats,Plains,P006,Chicken Breast,Meat,539,404,37,6.9,1295.5
6/3/2024,D004,Southwest Organics,Southwest,P001,Leafy Greens,Produce,254,224,18,7.1,655.71
6/3/2024,D004,Southwest Organics,Southwest,P002,Whole Milk,Dairy,399,313,28,7,1342.81
6/3/2024,D004,Southwest Organics,Southwest,P003,Ground Beef,Meat,255,225,17,6.7,1025.1
6/3/2024,D004,Southwest Organics,Southwest,P004,Tomatoes,Produce,783,697,32,4.1,5349.03
6/3/2024,D004,Southwest Organics,Southwest,P005,Cheddar Cheese,Dairy,384,330,22,5.7,1175.11
6/3/2024,D004,Southwest Organics,Southwest,P006,Chicken Breast,Meat,259,168,20,7.7,589.95
6/3/2024,D005,Great Lakes Dairy,Midwest,P001,Leafy Greens,Produce,362,283,19,5.2,1750.89
6/3/2024,D005,Great Lakes Dairy,Midwest,P002,Whole Milk,Dairy,639,484,51,8,1319.55
6/3/2024,D005,Great Lakes Dairy,Midwest,P003,Ground Beef,Meat,404,342,35,8.7,2408.05
6/3/2024,D005,Great Lakes Dairy,Midwest,P004,Tomatoes,Produce,743,521,66,8.9,2080.32
6/3/2024,D005,Great Lakes Dairy,Midwest,P005,Cheddar Cheese,Dairy,552,405,28,5.1,1756.36
6/3/2024,D005,Great Lakes Dairy,Midwest,P006,Chicken Breast,Meat,266,232,9,3.4,1593.14
6/10/2024,D001,Green Valley Produce,Midwest,P001,Leafy Greens,Produce,736,545,82,11.1,2483.24
6/10/2024,D001,Green Valley Produce,Midwest,P002,Whole Milk,Dairy,701,523,53,7.6,4188.83
6/10/2024,D001,Green Valley Produce,Midwest,P003,Ground Beef,Meat,613,401,53,8.6,1510.62
6/10/2024,D001,Green Valley Produce,Midwest,P004,Tomatoes,Produce,222,179,9,4.1,1146.18
6/10/2024,D001,Green Valley Produce,Midwest,P005,Cheddar Cheese,Dairy,238,178,20,8.4,1110.51
6/10/2024,D001,Green Valley Produce,Midwest,P006,Chicken Breast,Meat,249,206,9,3.6,1367.53
6/10/2024,D002,Fresh Coast Foods,Southeast,P001,Leafy Greens,Produce,626,481,23,3.7,3228.09
6/10/2024,D002,Fresh Coast Foods,Southeast,P002,Whole Milk,Dairy,410,343,20,4.9,2219.21
6/10/2024,D002,Fresh Coast Foods,Southeast,P003,Ground Beef,Meat,732,529,42,5.7,3958.99
6/10/2024,D002,Fresh Coast Foods,Southeast,P004,Tomatoes,Produce,307,241,17,5.5,1737.26
6/10/2024,D002,Fresh Coast Foods,Southeast,P005,Cheddar Cheese,Dairy,709,498,32,4.5,2808.16
6/10/2024,D002,Fresh Coast Foods,Southeast,P006,Chicken Breast,Meat,406,303,19,4.7,1754.02
6/10/2024,D003,Heartland Meats,Plains,P001,Leafy Greens,Produce,412,344,17,4.1,886.31
6/10/2024,D003,Heartland Meats,Plains,P002,Whole Milk,Dairy,291,260,18,6.2,882.67
6/10/2024,D003,Heartland Meats,Plains,P003,Ground Beef,Meat,292,251,15,5.1,1990.1
6/10/2024,D003,Heartland Meats,Plains,P004,Tomatoes,Produce,436,337,31,7.1,943.76
6/10/2024,D003,Heartland Meats,Plains,P005,Cheddar Cheese,Dairy,378,334,19,5,2191.24
6/10/2024,D003,Heartland Meats,Plains,P006,Chicken Breast,Meat,636,540,35,5.5,1498.68
6/10/2024,D004,Southwest Organics,Southwest,P001,Leafy Greens,Produce,341,282,13,3.8,1445.61
6/10/2024,D004,Southwest Organics,Southwest,P002,Whole Milk,Dairy,474,420,27,5.7,1510.83
6/10/2024,D004,Southwest Organics,Southwest,P003,Ground Beef,Meat,610,462,49,8,3067.41
6/10/2024,D004,Southwest Organics,Southwest,P004,Tomatoes,Produce,689,596,48,7,1894.29
6/10/2024,D004,Southwest Organics,Southwest,P005,Cheddar Cheese,Dairy,260,237,8,3.1,1888.26
6/10/2024,D004,Southwest Organics,Southwest,P006,Chicken Breast,Meat,694,601,28,4,2871.88
6/10/2024,D005,Great Lakes Dairy,Midwest,P001,Leafy Greens,Produce,567,462,51,9,3171.02
6/10/2024,D005,Great Lakes Dairy,Midwest,P002,Whole Milk,Dairy,333,259,27,8.1,1332.33
6/10/2024,D005,Great Lakes Dairy,Midwest,P003,Ground Beef,Meat,264,190,19,7.2,1247.84
6/10/2024,D005,Great Lakes Dairy,Midwest,P004,Tomatoes,Produce,790,667,55,7,5161.82
6/10/2024,D005,Great Lakes Dairy,Midwest,P005,Cheddar Cheese,Dairy,731,578,36,4.9,3739.82
6/10/2024,D005,Great Lakes Dairy,Midwest,P006,Chicken Breast,Meat,454,354,35,7.7,1200.74
6/17/2024,D001,Green Valley Produce,Midwest,P001,Leafy Greens,Produce,771,686,20,2.6,5560.87
6/17/2024,D001,Green Valley Produce,Midwest,P002,Whole Milk,Dairy,717,630,55,7.7,1857.99
6/17/2024,D001,Green Valley Produce,Midwest,P003,Ground Beef,Meat,703,517,35,5,2864.99
6/17/2024,D001,Green Valley Produce,Midwest,P004,Tomatoes,Produce,763,628,31,4.1,3299.87
6/17/2024,D001,Green Valley Produce,Midwest,P005,Cheddar Cheese,Dairy,786,605,60,7.6,1943.41
6/17/2024,D001,Green Valley Produce,Midwest,P006,Chicken Breast,Meat,709,603,25,3.5,1637.14
6/17/2024,D002,Fresh Coast Foods,Southeast,P001,Leafy Greens,Produce,762,495,45,5.9,3076.13
6/17/2024,D002,Fresh Coast Foods,Southeast,P002,Whole Milk,Dairy,511,454,29,5.7,2377.71
6/17/2024,D002,Fresh Coast Foods,Southeast,P003,Ground Beef,Meat,549,410,18,3.3,2142.97
6/17/2024,D002,Fresh Coast Foods,Southeast,P004,Tomatoes,Produce,773,662,51,6.6,3098.01
6/17/2024,D002,Fresh Coast Foods,Southeast,P005,Cheddar Cheese,Dairy,663,451,51,7.7,2051.21
6/17/2024,D002,Fresh Coast Foods,Southeast,P006,Chicken Breast,Meat,498,397,18,3.6,3128.86
6/17/2024,D003,Heartland Meats,Plains,P001,Leafy Greens,Produce,704,484,69,9.8,1520.62
6/17/2024,D003,Heartland Meats,Plains,P002,Whole Milk,Dairy,400,280,36,9,1467.84
6/17/2024,D003,Heartland Meats,Plains,P003,Ground Beef,Meat,395,333,15,3.8,2683.9
6/17/2024,D003,Heartland Meats,Plains,P004,Tomatoes,Produce,326,279,19,5.8,2298.16
6/17/2024,D003,Heartland Meats,Plains,P005,Cheddar Cheese,Dairy,337,306,17,5,1780.72
6/17/2024,D003,Heartland Meats,Plains,P006,Chicken Breast,Meat,643,563,32,5,4519.19
6/17/2024,D004,Southwest Organics,Southwest,P001,Leafy Greens,Produce,381,318,23,6,992.58
6/17/2024,D004,Southwest Organics,Southwest,P002,Whole Milk,Dairy,529,415,43,8.1,3318.12
6/17/2024,D004,Southwest Organics,Southwest,P003,Ground Beef,Meat,454,328,53,11.7,1711.2
6/17/2024,D004,Southwest Organics,Southwest,P004,Tomatoes,Produce,336,230,33,9.8,1281.97
6/17/2024,D004,Southwest Organics,Southwest,P005,Cheddar Cheese,Dairy,760,670,58,7.6,4217.98
6/17/2024,D004,Southwest Organics,Southwest,P006,Chicken Breast,Meat,405,286,38,9.4,2295.77
6/17/2024,D005,Great Lakes Dairy,Midwest,P001,Leafy Greens,Produce,335,306,23,6.9,1690.15
6/17/2024,D005,Great Lakes Dairy,Midwest,P002,Whole Milk,Dairy,530,446,35,6.6,2674.59
6/17/2024,D005,Great Lakes Dairy,Midwest,P003,Ground Beef,Meat,627,521,44,7,4045.49
6/17/2024,D005,Great Lakes Dairy,Midwest,P004,Tomatoes,Produce,632,548,18,2.8,1847.83
6/17/2024,D005,Great Lakes Dairy,Midwest,P005,Cheddar Cheese,Dairy,257,180,18,7,759.54
6/17/2024,D005,Great Lakes Dairy,Midwest,P006,Chicken Breast,Meat,456,314,29,6.4,1169.34
6/24/2024,D001,Green Valley Produce,Midwest,P001,Leafy Greens,Produce,754,496,59,7.8,3823.27
6/24/2024,D001,Green Valley Produce,Midwest,P002,Whole Milk,Dairy,775,684,45,5.8,2685.09
6/24/2024,D001,Green Valley Produce,Midwest,P003,Ground Beef,Meat,494,413,18,3.6,2064.75
6/24/2024,D001,Green Valley Produce,Midwest,P004,Tomatoes,Produce,520,473,26,5,1758.86
6/24/2024,D001,Green Valley Produce,Midwest,P005,Cheddar Cheese,Dairy,653,570,46,7,3639.9
6/24/2024,D001,Green Valley Produce,Midwest,P006,Chicken Breast,Meat,759,644,43,5.7,2357.68
6/24/2024,D002,Fresh Coast Foods,Southeast,P001,Leafy Greens,Produce,659,459,45,6.8,1626.13
6/24/2024,D002,Fresh Coast Foods,Southeast,P002,Whole Milk,Dairy,726,495,28,3.9,2022.29
6/24/2024,D002,Fresh Coast Foods,Southeast,P003,Ground Beef,Meat,364,293,15,4.1,1980.13
6/24/2024,D002,Fresh Coast Foods,Southeast,P004,Tomatoes,Produce,358,236,39,10.9,1685.5
6/24/2024,D002,Fresh Coast Foods,Southeast,P005,Cheddar Cheese,Dairy,508,397,30,5.9,2860.06
6/24/2024,D002,Fresh Coast Foods,Southeast,P006,Chicken Breast,Meat,525,415,42,8,2995.28
6/24/2024,D003,Heartland Meats,Plains,P001,Leafy Greens,Produce,363,276,17,4.7,1056.3
6/24/2024,D003,Heartland Meats,Plains,P002,Whole Milk,Dairy,418,346,17,4.1,2837.84
6/24/2024,D003,Heartland Meats,Plains,P003,Ground Beef,Meat,743,578,58,7.8,3696.77
6/24/2024,D003,Heartland Meats,Plains,P004,Tomatoes,Produce,317,263,23,7.3,1625.92
6/24/2024,D003,Heartland Meats,Plains,P005,Cheddar Cheese,Dairy,449,408,18,4,3262.2
6/24/2024,D003,Heartland Meats,Plains,P006,Chicken Breast,Meat,316,238,18,5.7,1896.39
6/24/2024,D004,Southwest Organics,Southwest,P001,Leafy Greens,Produce,583,459,36,6.2,1963.88
6/24/2024,D004,Southwest Organics,Southwest,P002,Whole Milk,Dairy,397,292,11,2.8,2432.29
6/24/2024,D004,Southwest Organics,Southwest,P003,Ground Beef,Meat,750,595,39,5.2,3734.87
6/24/2024,D004,Southwest Organics,Southwest,P004,Tomatoes,Produce,418,369,12,2.9,2113.09
6/24/2024,D004,Southwest Organics,Southwest,P005,Cheddar Cheese,Dairy,645,531,54,8.4,1817.36
6/24/2024,D004,Southwest Organics,Southwest,P006,Chicken Breast,Meat,670,565,14,2.1,2015.89
6/24/2024,D005,Great Lakes Dairy,Midwest,P001,Leafy Greens,Produce,457,365,22,4.8,1478.94
6/24/2024,D005,Great Lakes Dairy,Midwest,P002,Whole Milk,Dairy,597,460,30,5,2225.03
6/24/2024,D005,Great Lakes Dairy,Midwest,P003,Ground Beef,Meat,321,255,23,7.2,1794.12
6/24/2024,D005,Great Lakes Dairy,Midwest,P004,Tomatoes,Produce,799,529,74,9.3,2918.5
6/24/2024,D005,Great Lakes Dairy,Midwest,P005,Cheddar Cheese,Dairy,496,427,13,2.6,3028.13
6/24/2024,D005,Great Lakes Dairy,Midwest,P006,Chicken Breast,Meat,648,487,37,5.7,1674.28
